QID,PID,General Category,Specific Category,good Quote,challenge,misconception,anekdote,P=E
RQ2,172,depends on,relevant when scaled,,,,,
RQ2,135,depends on,relevant when scaled,,,,,
RQ2,18,depends on,relevant when scaled,,,,,
RQ2,5,depends on,software is not necessarly main driver for energy consumption,,,,,
RQ2,20,depends on,software is not necessarly main driver for energy consumption,,,,,
RQ2,19,depends on,if easy,,,,,
RQ2,66,depends on,if relevant for product,x,,,,
RQ2,115,depends on,if relevant for product,,,,,
RQ2,167,depends on,if relevant for product,,,,,
RQ2,155,depends on,if relevant for product,,,,,
RQ2,69,depends on,if relevant for product,,,,,
RQ2,55,depends on,less ,,,,,
RQ2,72,depends on,if relevant for product,,,,,
RQ2,81,depends on,if relevant for product,,,,,
RQ2,137,depends on,if relevant for product,,,,,
RQ2,116,depends on,if relevant for product,,,,,
RQ2,136,depends on,if relevant for product,,,,,
RQ2,32,depends on,if relevant for product,,,,,
RQ2,7,depends on,if relevant for product,,,,,
RQ2,145,depends on,if relevant for product,,,,,
RQ2,42,depends on,if relevant for product,,,,,
RQ2,164,depends on,energy optimization is costly / client needs to pay for it,,,,,
RQ2,215,depends on,energy optimization is costly / client needs to pay for it,,,,,
RQ2,70,depends on,energy optimization is costly / client needs to pay for it,,,,,
RQ2,67,depends on,energy optimization is costly / client needs to pay for it,,,,,
RQ2,159,,YES,,,,,
RQ2,61,,YES,,,,,
RQ2,77,,YES,,,,,
RQ2,124,,YES,,,,,
RQ2,168,,YES,,,,,
RQ2,102,,YES,,,,,
RQ2,163,,YES,,,,,
RQ2,11,,YES,,,,,
RQ2,141,YES,pride,,,,,
RQ2,27,YES,optimization through configuration,,,,,
RQ2,199,YES,cost,,,,,
RQ2,141,YES,cost,,,,,
RQ2,68,YES,cost,,,,,
RQ2,104,YES,cost,,,,,
RQ2,110,YES,cost,,,,,
RQ2,118,YES,cost,,,,,
RQ2,21,YES,cost,,,,,
RQ2,12,YES,cost,,,,,
RQ2,107,YES,cost,,,,,
RQ2,211,YES,cost,,,,,
RQ2,128,YES,,,,,,
RQ2,114,YES,by language choice,,,,,
RQ2,128,YES,low energy is a feature / inherent to product,,,,,
RQ2,64,YES,low energy is a feature / inherent to product,,,,,
RQ2,59,YES,low energy is a feature / inherent to product,,,,,
RQ2,76,YES,low energy is a feature / inherent to product,,,,,
RQ2,74,YES,software supply chain is in charge,,x,,,
RQ2,134,YES,software supply chain is in charge,,,,,
RQ2,31,YES,Energy + Performance (+ thermal state) are linked,,,,,
RQ2,112,YES,Energy + Performance (+ thermal state) are linked,,,,x,
RQ2,28,YES,Battery Life,,,,,
RQ2,132,YES,Battery Life,,,,,
RQ2,157,YES,Battery Life,,,,,
RQ2,67,YES,Battery Life,,,,,
RQ2,95,YES,Battery Life,,,,,
RQ2,126,YES,Battery Life,,,,,
RQ2,106,YES,Battery Life,,,,,
RQ2,149,YES,Battery Life,,,,,
RQ2,199,YES,Climate,,,,,
RQ2,141,YES,Climate,,,,,
RQ2,12,YES,Climate,,,,,
RQ2,21,YES,Climate,,,,,
RQ2,36,YES,Climate,,,,,
RQ2,128,YES,performance energy trade-off,,,,,
RQ2,120,YES,performance energy trade-off,,,,,
RQ2,34,YES,performance energy trade-off,,,,,
RQ2,167,YES,performance as side effect of energy,,,,,
RQ2,212,YES,performance as side effect of energy,,,,,
RQ2,43,YES,performance as side effect of energy,,,,,
RQ2,135,YES,performance as side effect of energy,,,,,
RQ2,66,YES,energy as side effect of performance,x,,,,
RQ2,55,YES,energy as side effect of performance,,,,,
RQ2,165,YES,energy as side effect of performance,,,,,
RQ2,199,YES,energy as side effect of performance,,,,,
RQ2,41,YES,energy as side effect of performance,,,,,
RQ2,100,YES,energy as side effect of performance,,,,,
RQ2,73,YES,energy as side effect of performance,,,,,
RQ2,78,YES,energy as side effect of performance,,,,,
RQ2,104,YES,energy as side effect of performance,,,,,
RQ2,101,YES,energy as side effect of performance,,,,,
RQ2,181,YES,energy as side effect of performance,,,,,
RQ2,178,YES,energy as side effect of performance,,,,,
RQ2,33,YES,energy as side effect of performance,,,,,
RQ2,19,NO,micro optimizations not relevant for climate,,,,,
RQ2,214,NO,energy reduction as side effect of performance,,,,,
RQ2,50,NO,energy reduction as side effect of performance,,,,,
RQ2,131,NO,energy reduction as side effect of performance,,,,,
RQ2,140,NO,energy reduction as side effect of performance,,,,,
RQ2,111,NO,energy reduction as side effect of performance,x,,,,
RQ2,8,NO,energy reduction as side effect of performance,,,,,
RQ2,37,NO,energy reduction as side effect of performance,,,,,
RQ2,213,NO,energy reduction as side effect of performance,,,,,
RQ2,162,NO,energy reduction as side effect of performance,,,,,
RQ2,132,NO,energy reduction as side effect of performance,,,,,
RQ2,218,NO,energy reduction as side effect of performance,,,,,
RQ2,91,NO,cloud cost is proxy,x,,,,
RQ2,19,NO,hard to measure,,,,,
RQ2,16,NO,hard to measure,,,,,
RQ2,15,NO,hard to measure,,,,,
RQ2,91,NO,C++ is already efficient,,,,,
RQ2,222,NO,no enough impact on cost,,,,,
RQ2,112,NO,no incentive,,,,,
RQ2,207,NO,no incentive,x,,,,
RQ2,70,NO,no incentive,,,,,
RQ2,75,NO,cost / too expensive,,,,,
RQ2,28,NO,other properties,,,,,
RQ2,35,YES,other properties,,,,,
RQ2,115,NO,other properties,,,,,
RQ2,137,NO,other properties,,,,,
RQ2,53,NO,other properties,,,,,
RQ2,54,NO,other properties,,,,,
RQ2,98,NO,other properties,,,,,
RQ2,32,NO,other properties,,,,,
RQ2,37,NO,other properties,,,,,
RQ2,148,NO,other properties,,,,,
RQ2,218,NO,other properties,,,,,
RQ2,96,,Missing Mindset,,,,,
RQ2,66,,Missing Mindset,,,,,
RQ2,75,,Missing Mindset,,,,,
RQ2,35,,Missing Mindset,,,,,
RQ2,17,,No Info,,,,,
RQ2,125,,No Info,,,,,
RE2,101,,No Info,,,,,
RE2,155,,No Info,,,x,,
RE2,106,,No Info,,,x,,
RE2,64,,Unterschiede,,,,,
RE2,115,Unterschiede,Additional Steps for Energy Debugging,,,,,
RE2,164,Unterschiede,Softwaresystem / Product-Specific differences,,,,,
RE2,76,Unterschiede,Softwaresystem / Product-Specific differences,,,,,
RE2,112,Unterschiede,Energy debugging is a system-level problem,,,,,
RE2,126,Unterschiede,Energy debugging is a system-level problem,,,,,
RE2,118,Unterschiede,Different / Missing Tooling,,,,,
RE2,69,Unterschiede,Different / Missing Tooling,,,,,
RE2,81,Unterschiede,Additional Steps for Energy Debugging,,,,,
RE2,118,Gemeinsamkeiten,It's the same,,,,,
RE2,181,Gemeinsamkeiten,It's the same,,,,,
RE2,76,Gemeinsamkeiten,It's the same,,,,,
RE2,74,Gemeinsamkeiten,It's the same,,,,,
RE2,81,Gemeinsamkeiten,It's the same,,,,,
RE2,128,Gemeinsamkeiten,It's the same,,,,,
RE2,115,Gemeinsamkeiten,It's the same,,,,,
ECP4,27,,Runtine/Response Time/Throughput,,,,,
ECP4,32,,Runtine/Response Time/Throughput,,,,,
ECP4,8,,Runtine/Response Time/Throughput,,,,,
ECP4,35,,Runtine/Response Time/Throughput,,,,,
ECP4,70,,Runtine/Response Time/Throughput,,,,,
ECP4,110,,Runtine/Response Time/Throughput,,,,,
ECP4,104,,Runtine/Response Time/Throughput,,,,,
ECP4,98,,Runtine/Response Time/Throughput,,,,,
ECP4,73,,Runtine/Response Time/Throughput,,,,,
ECP4,72,,Runtine/Response Time/Throughput,,,,,
ECP4,79,,Runtine/Response Time/Throughput,,,,,
ECP4,55,,Runtine/Response Time/Throughput,,,,,
ECP4,47,,Runtine/Response Time/Throughput,,,,,
ECP4,41,,Runtine/Response Time/Throughput,,,,,
ECP4,57,,Runtine/Response Time/Throughput,,,,,
ECP4,50,,Runtine/Response Time/Throughput,,,,,
ECP4,66,,Runtine/Response Time/Throughput,,,,,
ECP4,43,,Runtine/Response Time/Throughput,,,,,
ECP4,175,,Runtine/Response Time/Throughput,,,,,
ECP4,224,,Runtine/Response Time/Throughput,,,,,
ECP4,165,,Runtine/Response Time/Throughput,,,,,
ECP4,172,,Runtine/Response Time/Throughput,,,,,
ECP4,207,,Runtine/Response Time/Throughput,,,,,
ECP4,212,,Runtine/Response Time/Throughput,,,,,
ECP4,136,,Runtine/Response Time/Throughput,,,,,
ECP4,214,,Runtine/Response Time/Throughput,,,,,
ECP4,223,,Runtine/Response Time/Throughput,,,,,
ECP4,199,,Runtine/Response Time/Throughput,,,,,
ECP4,125,,Runtine/Response Time/Throughput,,,,,
ECP4,111,,Runtine/Response Time/Throughput,,,,,
ECP4,132,,Runtine/Response Time/Throughput,,,,,
ECP4,54,,Runtine/Response Time/Throughput,,,,,
ECP4,28,,Runtine/Response Time/Throughput,,,,,
ECP4,11,,Runtine/Response Time/Throughput,,,,,
ECP4,36,,Runtine/Response Time/Throughput,,,,,
ECP4,15,,Runtine/Response Time/Throughput,,,,,
ECP4,31,,Runtine/Response Time/Throughput,,,,,
ECP4,37,,Runtine/Response Time/Throughput,,,,,
ECP4,35,,CPU Utilization (max for energy efficiency and limit for user experience),,,,,
ECP4,140,,CPU Utilization (max for energy efficiency and limit for user experience),,,,,
ECP4,131,,CPU Utilization (max for energy efficiency and limit for user experience),,,,,
ECP4,100,,CPU Utilization (max for energy efficiency and limit for user experience),,,,,
ECP4,72,,CPU Utilization (max for energy efficiency and limit for user experience),,,,,
ECP4,55,,CPU Utilization (max for energy efficiency and limit for user experience),,,,,
ECP4,41,,CPU Utilization (max for energy efficiency and limit for user experience),,,,,
ECP4,57,,CPU Utilization (max for energy efficiency and limit for user experience),,,,,
ECP4,61,,CPU Utilization (max for energy efficiency and limit for user experience),,,,,
ECP4,43,,CPU Utilization (max for energy efficiency and limit for user experience),,,,,
ECP4,175,,CPU Utilization (max for energy efficiency and limit for user experience),,,,,
ECP4,218,,CPU Utilization (max for energy efficiency and limit for user experience),,,,,
ECP4,145,,CPU Utilization (max for energy efficiency and limit for user experience),,,,,
ECP4,178,,CPU Utilization (max for energy efficiency and limit for user experience),,,,,
ECP4,165,,CPU Utilization (max for energy efficiency and limit for user experience),,,,,
ECP4,172,,CPU Utilization (max for energy efficiency and limit for user experience),,,,,
ECP4,214,,CPU Utilization (max for energy efficiency and limit for user experience),,,,,
ECP4,148,,CPU Utilization (max for energy efficiency and limit for user experience),,,,,
ECP4,223,,CPU Utilization (max for energy efficiency and limit for user experience),,,,,
ECP4,132,,CPU Utilization (max for energy efficiency and limit for user experience),,,,,
ECP4,105,,CPU Utilization (max for energy efficiency and limit for user experience),,,,,
ECP4,11,,CPU Utilization (max for energy efficiency and limit for user experience),,,,,
ECP4,36,,CPU Utilization (max for energy efficiency and limit for user experience),,,,,
ECP4,32,,Memory Usage/Utilization,,,,,
ECP4,8,,Memory Usage/Utilization,,,,,
ECP4,137,,Memory Usage/Utilization,,,,,
ECP4,140,,Memory Usage/Utilization,,,,,
ECP4,100,,Memory Usage/Utilization,,,,,
ECP4,79,,Memory Usage/Utilization,,,,,
ECP4,61,,Memory Usage/Utilization,,,,,
ECP4,66,,Memory Usage/Utilization,,,,,
ECP4,218,,Memory Usage/Utilization,,,,,
ECP4,178,,Memory Usage/Utilization,,,,,
ECP4,214,,Memory Usage/Utilization,,,,,
ECP4,125,,Memory Usage/Utilization,,,,,
ECP4,136,,Memory Usage/Utilization,,,,,
ECP4,41,,storage utilization,,,,,
ECP4,50,,storage utilization,,,,,
ECP4,218,,storage utilization,,,,,
ECP4,98,,Cloud Cost / HW Resources/Utilization,,,,,
ECP4,79,,Cloud Cost / HW Resources/Utilization,,,,,
ECP4,41,,Cloud Cost / HW Resources/Utilization,,,,,
ECP4,218,,Cloud Cost / HW Resources/Utilization,,,,,
ECP4,214,,Cloud Cost / HW Resources/Utilization,,,,,
ECP4,199,,Cloud Cost / HW Resources/Utilization,,,,,
ECP4,11,,Cloud Cost / HW Resources/Utilization,,,,,
ECP4,15,,Cloud Cost / HW Resources/Utilization,,,,,
ECP4,17,,Cloud Cost / HW Resources/Utilization,,,,,
ECP4,37,,Cloud Cost / HW Resources/Utilization,,,,,
ECP4,7,,Hardware,,,,,
ECP4,73,,Battery Consumption,,,,,
ECP4,175,,Battery Consumption,,,,,
ECP4,95,,Code / Algorythms,,,,,
ECP4,165,,Code / Algorythms,,,,,
ECP4,73,,Code / Algorythms,,,,,
ECP4,132,,Code / Algorythms,,,,,
ECP4,132,,Complixity of Software and Infrastructure,,,,,
ECP4,111,,Complixity of Software and Infrastructure,,,,,
ECP4,15,,Complixity of Software and Infrastructure,,,,,
ECP4,37,,Complixity of Software and Infrastructure,,,,,
ECP4,15,,small error count,,,,,
ECP4,75,,"Don't optimize, Buy bigger HW",,,,,
EnergyProxy02,118,,direct only for system level,,,,,
EnergyProxy02,126,,direct = more data,,,,,
EnergyProxy02,126,,direct is more expensive,,,,,
EnergyProxy02,126,,easier to do,,,,,
EnergyProxy02,18,,direct measurements not always possible,,,,,
EnergyProxy02,126,,indirect explores larger design space,,,,,
EnergyProxy02,118,,less complex to execute,,,,,
EnergyProxy02,141,,less complex to execute,,,,,
EnergyProxy02,64,,direct for power intersive/critical products,,,,,
EnergyProxy02,76,,monitor everything,,,,,
EnergyProxy02,118,,runtime = energy,,,,,
EnergyProxy02,164,,runtime = energy,,,,,
EnergyProxy02,128,,runtime = energy,,,,,
EnergyProxy01,106,,no experience,,,,,
EnergyProxy01,106,,no tools,,,,,
EnergyProxy01,191,,no tools,,,,,
EnergyProxy01,21,,too expensive,,,,,
EnergyProxy01,106,,existing practice is enough,,,,,
EnergyProxy01,74,,no priority,,,,,
EnergyProxy01,181,,too complicated,,,,,
EnergyProxy01,155,,too complicated,,,,,
EnergyProxy01,216,,too time consuming,,,,,
EnergyProxy01,69,,no data available,,,,,
EnergyProxy01,162,,stakeholder not interested,,,,,
EnergyProxy01,191,,stakeholder not interested,,,,,
EnergyProxy01,33,,no priority,,,,,
CQ0,47,,No Info,,,,,
CQ0,207,,No Info,,,,,
CQ0,167,,No Info,,,,,
CQ0,214,,No Info,,,,,
CQ0,11,,No Info,,,,,
CQ0,215,,No Info,,,,,
CQ0,149,,No Info,,,,,
CQ0,15,Threads to validity,Questions could have more information,,,,,
CQ0,145,Threads to validity,Questions could have more information,,,,,
CQ0,165,Threads to validity,Questions could have more information,,,,,
CQ0,112,Threads to validity,question unclear because many meaning of runtime,,,,,
CQ0,199,,Important Topic,,,,,
CQ0,164,,Important Topic,,,,,
CQ0,148,,Software Certification,,,,,
CQ0,17,,make SW energy consumption transparent,,,,,
CQ0,145,,bad written SW wastes energy,,,,,
CQ0,37,,p/e correlation perspective,,,,,
CQ0,145,,consumers do not care about energy consumption,,,,,
CQ0,79,,optimizing energy need whole system view,,,,,
CQ0,18,,optimizing energy need whole system view,,,,,
CQ0,19,,sw energy consumption in the web is hard to grasp and to communicate,,,,,
CQ0,81,,mobile and IoT raises awareness for energy consumption of sw,,,,,
CQ0,61,,energy relevant for battery powered devices,,,,,
CQ0,222,,AI is driver for energy consumption,,,,,
CQ0,55,,No Info,,,,,
CQ0,135,,generally more efficient sw is needed,,,,,
CQ0,111,,software is not the main driver for energy consumption,,,,,
CQ0,136,,software is not the main driver for energy consumption,,,,,
CQ0,132,,energy consumption of interpreted languages is bad,,,,,
CQ0,73,,surveys are good for raising awareness,,,,,
CQ0,132,,chip producers care more about performance,,,,,
CQ0,132,,most companies do not optimize their products,,,,,
CQ0,134,,too early to call for action,,,,,
CQ0,181,,software is driver for energy consumption,,,,,
ProxyMerge01,36,depends on,Task,,,,,
ProxyMerge01,32,depends on,Task,,,,,
ProxyMerge01,104,depends on,Task,,,,,
ProxyMerge01,7,depends on,Code,,,,,
ProxyMerge01,36,depends on,Code,,,,,
ProxyMerge01,28,depends on,Code,x,,,,
ProxyMerge01,140,depends on,Code,,,,,
ProxyMerge01,132,depends on,Code,x,,,,
ProxyMerge01,141,depends on,Code,,,,,
ProxyMerge01,145,depends on,Code,,,,,
ProxyMerge01,218,depends on,Code,,,,,
ProxyMerge01,7,depends on,HW,,,,,
ProxyMerge01,33,depends on,HW,,,,,
ProxyMerge01,36,depends on,HW,,,,,
ProxyMerge01,128,depends on,HW,,,,,
ProxyMerge01,32,depends on,HW,,,,,
ProxyMerge01,140,depends on,HW,,,,,
ProxyMerge01,8,depends on,HW,x,,,,
ProxyMerge01,162,depends on,HW,x,,,,
ProxyMerge01,145,depends on,HW,,,,,
ProxyMerge01,98,depends on,HW,,,,,
ProxyMerge01,137,depends on,HW,,,,,
ProxyMerge01,11,depends on,Design,,,,,
ProxyMerge01,54,depends on,Design,,,,,
ProxyMerge01,140,depends on,CPU Utilization/CPU Bound,,,,,
ProxyMerge01,91,depends on,CPU Utilization/CPU Bound,,,,,
ProxyMerge01,104,depends on,CPU Utilization/CPU Bound,,,,,
ProxyMerge01,54,depends on,CPU Utilization/CPU Bound,,,,,
ProxyMerge01,64,depends on,CPU Utilization/CPU Bound,,,,,
ProxyMerge01,98,depends on,CPU Utilization/CPU Bound,,,,,
ProxyMerge01,126,depends on,Fixed/Dynamic CPU Frequency,,,,,
ProxyMerge01,155,depends on,Fixed/Dynamic CPU Frequency,,,,,
ProxyMerge01,63,depends on,Fixed/Dynamic CPU Frequency,,,,,
ProxyMerge01,148,depends on,Multithreading,,,,,
ProxyMerge01,145,depends on,Multithreading,,,,,
ProxyMerge01,33,,in highly scalable systems,,,,,
ProxyMerge01,140,,physicalischer zusammenhang,,,,,
ProxyMerge01,20,,physicalischer zusammenhang,,,,,
ProxyMerge01,95,,positive / negative correlation example,,,,,
ProxyMerge01,100,,positive / negative correlation example,,,,,
ProxyMerge01,28,depends on,HW,,,,,
ProxyMerge01,178,,only when system is IDLE,,,,,
ProxyMerge01,18,depends on,not strong enough proxy,,,,,
ProxyMerge01,15,depends on,not strong enough proxy,,,,,
ProxyMerge01,136,,Yes,,,,,
ProxyMerge01,165,depends on,correlation not in both directions,,,,,
ProxyMerge01,43,depends on,correlation not in both directions,,,,,
ProxyMerge01,5,,Yes,,,,x,
ProxyMerge01,50,,Yes,,,,,
ProxyMerge01,199,,Yes,,,,,
ProxyMerge01,55,,Yes,,,,,
ProxyMerge01,165,,Yes,,,,,
ProxyMerge01,213,,Yes,,,,,
ProxyMerge01,41,,Yes,,,,,
ProxyMerge01,164,,Yes,,,,,
ProxyMerge01,107,,Yes,,,,,
ProxyMerge01,70,,Yes,,,,,
ProxyMerge01,79,,Yes,,,,,
ProxyMerge01,72,,Yes,,,,,
ProxyMerge01,76,,Yes,,,,,
ProxyMerge01,47,,Yes,,,,,
ProxyMerge01,73,,Yes,,,,,
ProxyMerge01,118,,Yes,,,,,
ProxyMerge01,131,,Yes,,,,,
ProxyMerge01,37,,Yes,x,,,,
ProxyMerge01,27,,Yes,,,,,
ProxyMerge01,17,,Yes,,,,,
ProxyMerge01,21,,Yes,,,,,
ProxyMerge01,112,,No Info,,,,,
ProxyMerge01,106,,No Info,,,,,
ProxyMerge01,61,,No Info,,,,,
ProxyMerge01,181,,No Info,,,,,
ProxyMerge01,214,,No Info,,,,,
ProxyMerge01,212,,No Info,,,,,
CO0,155,,complex problem,,,,,
CO0,137,,complex problem,,,,,
CO0,141,,complex problem,,,,,
CO0,112,,complex problem,,,,,
CO0,132,,complex problem,,,,,
CO0,128,,complex problem,,,,,
CO0,28,,complex problem,,,,,
CO0,77,,complex problem,,,,,
CO0,27,,complex problem,,,,,x
CO0,126,,complex problem,,,,,
CO0,64,,hardware efficiency,,,,,
CO0,5,,hardware efficiency,,,,,
CO0,106,,hardware efficiency,,,,,
CO0,118,,hardware efficiency,,,,,
CO0,63,,hardware efficiency,,,,,
CO0,55,,hardware efficiency,,,,,
CO0,164,,hardware efficiency,,,,,
CO0,149,,hardware efficiency,,,,,
CO0,5,,source-code efficiency,,,,,
CO0,145,,source-code efficiency,,,,,
CO0,50,,No challenges (left),,,,,
CO0,31,,No challenges (left),,,,,
CO0,32,,No challenges (left),,,,,
CO0,131,,No challenges (left),,,,,
CO0,72,,No challenges (left),,,,,
CO0,53,,energy not a cost driver,,,,,
CO0,112,,energy not a cost driver,,,,,
CO0,18,,energy not a cost driver,,,,,
CO0,41,,energy not a cost driver,,,,,
CO0,222,,energy not a cost driver,,,,,
CO0,66,,energy not a cost driver,,,,,
CO0,19,,lack of consumer need,,,,,
CO0,178,,lack of consumer need,,,,,
CO0,148,,energy consumption not a direct concern,,,,,
CO0,218,,energy consumption not a direct concern,,,,,
CO0,37,,energy consumption not a direct concern,,,,,
CO0,98,,energy consumption not a direct concern,,,,,
CO0,47,,energy consumption not a direct concern,,,,,
CO0,70,,energy consumption not a direct concern,,,,,
CO0,212,,not priority in projects,,,,,x
CO0,11,,not priority in projects,,,,,
CO0,162,,not priority in projects,,,,,
CO0,33,,not priority in projects,,,,,
CO0,7,,not priority in projects,,,,,
CO0,36,,not priority in projects,,,,,
CO0,34,,not priority in projects,,,,,
CO0,104,,not priority in projects,,,,,
CO0,125,,not priority in projects,,,,,
CO0,100,,not priority in projects,,,,,
CO0,73,,not priority in projects,,,,,
CO0,21,,energy optimization too expensive,x,,,,
CO0,75,,energy optimization too expensive,,,,,
CO0,15,,missing  metrics for comparison,,,,,
CO0,36,,missing  metrics for comparison,,,,,
CO0,18,,missing standards,,,,,
CO0,112,,industry trend towards more energy,,,,,
CO0,36,,Missing tooling,,,,,
CO0,112,,Missing tooling,,,,,
CO0,162,,Measurement,,,,,x
CO0,61,,Measurement,,,,,
CO0,11,,Measurement,,,,,
CO0,199,,Measurement,,,,,
CO0,181,,Measurement,,,,,
CO0,128,,Measurement,,,,,
CO0,101,,Measurement,,,,,x
CO0,107,,Measurement,x,,,,
CO0,79,,Measurement,,,,,
CO0,73,,Measurement,,,,,
CO0,95,,Measurement,,,,,
CO0,43,,Measurement,,,,,
CO0,18,,missing education,,,,,
CO0,17,,missing education,,,,,
CO0,112,,missing education,,,,,
CO0,118,,missing education,,,,,
CO0,81,,missing education,,,,,
CO0,167,,missing education,,,,,
CO0,168,,software supply chain in charge,,,,,
CO0,11,,software supply chain in charge,,,,,
CO0,33,,software supply chain in charge,,,,,
CO0,76,,software supply chain in charge,,,,,x
CO0,67,,No Info,,,,,
CO1,207,,No Info,,,,,
CO1,47,,No Info,,,,,
CO1,148,,No Info,,,,,
CO1,27,,No Info,,,,,
CO1,168,,No Info,,,,,
CO1,106,,No Info,,,,,
CO1,131,,Hardware,,,,,
CO1,134,,Hardware,,,,,
CO1,141,,Hardware,,,,,
CO1,70,,Hardware,,,,,
CO1,66,,eliminate unnecessary features,,,,,
CO1,111,,only organizational problem,,,,,
CO1,43,,reveal ROI,,,,,
CO1,137,,use efficient languages,,,,,
CO1,135,,use efficient languages,,,,,
CO1,55,,use efficient languages,,,,,
CO1,53,,use efficient languages,,,,,
CO1,164,,use efficient languages,,,,,
CO1,114,,use efficient languages,,,,,
CO1,167,,more awareness,,,,,
CO1,178,,more awareness,,,,,
CO1,36,,more awareness,,,,,
CO1,41,,more awareness,,,,,
CO1,118,,more awareness,,,,,
CO1,81,,more awareness,,,,,
CO1,77,,more awareness,,,,,
CO1,34,,transparency (especially cloud providers),,,,,
CO1,17,,transparency (especially cloud providers),,,,,
CO1,214,,transparency (especially cloud providers),,,,,
CO1,18,,transparency (especially cloud providers),,,,,
CO1,37,,public regulations,,,,,
CO1,11,,public regulations,,,,,
CO1,21,,public regulations,,,,,
CO1,31,,Nothing,,,,,
CO1,136,,Nothing,,,,,
CO1,145,,energy as metric in development process,,,,,
CO1,53,,energy as metric in development process,,,,,
CO1,36,,energy as metric in development process,,,,,
CO1,7,,energy as metric in development process,,,,,
CO1,73,,energy as metric in development process,,,,,
CO1,215,,Tooling,,,,,
CO1,137,,Tooling,,,,,
CO1,79,,Tooling,,,,,
CO1,34,,Tooling,,,,,
CO1,95,,Tooling,,,,,
CO1,149,,Tooling,,,,,
CO1,155,,Tooling,,,,,
CO1,17,,Tooling,,,,,
CO1,36,,Tooling,,,,,
CO1,54,,Tooling,,,,,
CO1,28,,Tooling,,,,,
CO1,132,,efficient implementation/data,,,,,
CO1,137,,efficient implementation/data,,,,,
CO1,214,,efficient implementation/data,,,,,
CO1,135,,efficient implementation/data,,,,,
CO1,27,,efficient implementation/data,,,,,
CO1,181,,energy as part of the software stack,,,,,
CO1,162,,use software configuration as a lever,,,,,
CO1,15,,more research,,,,,
CO1,155,,more testing,,,,,
CO1,218,,increase cost of energy,,,,,
CO1,104,,increase cost of energy,,,,,
CO1,112,,increase cost of energy,,,,,
CO1,75,,increase cost of energy,,,,,
CO1,67,,increase cost of energy,,,,,
CO1,72,,increase cost of energy,,,,,
CO1,11,,certification,,,,,
CO1,7,,involve management,,,,,
CO1,212,,involve management,,,,,
CO1,35,,education,,,,,
CO1,125,,education,,,,,
CO1,19,,education,,,,,
CO1,17,,education,,,,,
CO1,15,,education,,,,,
CO1,79,,education,,,,,
CO1,21,,education,,,,,
CO1,55,,education,x,,,,
CO1,134,,prioritize energy consumption,,,,,
CO1,64,,prioritize energy consumption,,,,,
CO1,33,,prioritize energy consumption,,,,,
CO1,128,,measurement,,,,,
CO1,19,,measurement,,,,,
CO1,101,,measurement,,,,,
CO1,34,,measurement,,,,,
CO1,61,,measurement,,,,,
CO1,76,,measurement,,,,,
CO1,165,,reducing energy cost vs development cost,,,,,
CO1,98,,Hard problem,,,,,
CO1,100,,Hard problem,,,,,
CO1,50,,improving HW efficiency vs energy cost,,,,,
CQ3,128,,No Info,,,,,
CQ3,126,,No Info,,,,,
CQ3,167,,Yes,x,,,,
CQ3,178,,Yes,,,,,
CQ3,165,,Yes,,,,,
CQ3,181,,Yes,,,,,
CQ3,75,,Yes,x,,,,
CQ3,19,,Yes,,,,,
CQ3,112,,Yes,,,,,
CQ3,21,,Yes,,,,,
CQ3,34,,Yes,,,,,
CQ3,72,,Yes,,,,,
CQ3,118,,Yes,x,,,,
CQ3,77,,Yes,,,,,
CQ3,73,,Yes,,,,,
CQ3,76,,Yes,,,,,
CQ3,41,,Yes,,,,,
CQ3,54,,Yes,,,,,
CQ3,5,,Yes,,,,,
CQ3,17,,Yes,,,,,
CQ3,36,,Yes,,,,,
CQ3,149,,No,,,,,
CQ3,155,,No,,,,,
CQ3,43,,No,,,,,
CQ3,53,,No,,,,,
CQ3,214,,No,,,,,
CQ3,218,,No,,,,,
CQ3,168,,No,,,,,
CQ3,207,,No,,,,,
CQ3,131,,No,,,,,
CQ3,27,,No,,,,,
CQ3,107,,No,,,,,
CQ3,136,,No,,,,,
CQ3,137,,No,,,,,
CQ3,55,,No,,,,,
CQ3,215,,No,,,,,
CQ3,106,NO,No need,,,,,
CQ3,101,NO,No need,,,,,
CQ3,37,NO,No need,,,,,
CQ3,95,NO,No need,,,,,
CQ3,100,NO,No need,,,,,x
CQ3,125,NO,cultural change ,,,,,
CQ3,15,NO,policy makers don't have knowledge,,,,,
CQ3,199,NO,regulation give more benefits too large companies,,,,,
CQ3,33,NO,regulation give more benefits too large companies,,,,,
CQ3,164,NO,need to connect users to impact of software,,,,,
CQ3,32,NO,politics should focus on geting rid of fossil fuels,,,,,
CQ3,135,NO,industry in charge,,,,,
CQ3,66,NO,hinders development speed,,,,,
CQ3,132,NO,prohibit interpreted languages,,,,,
CQ3,28,NO,technical approach is more promising,,,,,
CQ3,79,NO,measuring and optimizing too difficult,,,,,
CQ3,79,NO,cost intensive,,,,,
CQ3,162,NO,power cost is already enough,,,,,
CQ3,64,NO,power cost is already enough,,,,,
CQ3,70,YES,power costs depending on domain,,,,,
CQ3,47,YES,power costs depending on domain,,,,,
CQ3,31,YES,power costs depending on domain,,,,,
CQ3,101,YES,only for user devices,,,,,
CQ3,148,YES,prohibite AI/Crypto,,,,,
CQ3,95,YES,prohibite AI/Crypto,,,,,
CQ3,98,YES,prohibite AI/Crypto,,,,,
CQ3,81,YES,prohibite AI/Crypto,,,,,
CQ3,61,YES,prohibite AI/Crypto,,,,,
CQ3,35,YES,first need ability to measure and optimize,,,,,
CQ3,222,YES,incentive green energy use,,,,,
CQ3,145,YES,if sw energy consumption plays a crucial role,,,,,
CQ3,18,YES,more transparency,,,,,
CQ3,104,YES,control energy cost,,,,,
CQ3,50,YES,control energy cost,,,,,
CQ3,11,YES,control energy cost,,,,,
CQ3,7,YES,control energy cost,,,,,
CQ3,91,YES,taxes that go into mitigating climate issues,,,,,
CQ3,111,,inefficient sw cant be identified,,,,,
CQ3,134,,inefficient sw cant be identified,,,,,
CQ3,212,,inefficient sw cant be identified,,,,,
CQ3,141,,product landscape is too complex/diverse,,,,,
