id,FilterY2[direct1],FilterY2[direct2],FilterY2[indirect1],FilterY2[indirect2],FilterY2[indirect3],FilterY2[indirect4],FilterY2[indirect5],FilterY2[indirect6],FilterY2[indirect7],FilterY2[indirect8],FilterY2[other1],FilterY2[other2],FilterY2[other],AE4,AE2[SQ001],AE2[SQ002],AE2[SQ003],AutomatedAssessment,UseDirectMeasurements,UsesIndirectMeasurements
5,Ja,Ja,Ja,Ja,Nein,Nein,Ja,Nein,Ja,Nein,Nein,Ja,,Nein,Nein,Nein,Nein,FALSE,TRUE,TRUE
12,Ja,Ja,Nein,Ja,Ja,Ja,Ja,Nein,Ja,Nein,Nein,Nein,"powerletrics, green metrics tool, eco ci",Ja,Ja,Nein,Nein,TRUE,TRUE,TRUE
16,Nein,Nein,Ja,Nein,Nein,Nein,Nein,Nein,Ja,Nein,Nein,Nein,,Nein,Nein,Nein,Nein,FALSE,FALSE,TRUE
18,Ja,Nein,Nein,Ja,Nein,Nein,Ja,Nein,Nein,Nein,Nein,Nein,,Nein,Nein,Ja,Nein,FALSE,TRUE,TRUE
20,Ja,Ja,Nein,Ja,Nein,Nein,Nein,Ja,Nein,Nein,Nein,Nein,,Ja,Ja,Ja,Nein,TRUE,TRUE,TRUE
21,Nein,Nein,Ja,Ja,Ja,Nein,Nein,Nein,Nein,Nein,Nein,Nein,,Nein,Nein,Nein,Ja,FALSE,FALSE,TRUE
33,Nein,Nein,Nein,Ja,Ja,Ja,Ja,Nein,Ja,Nein,Nein,Nein,,Nein,Nein,Nein,Ja,FALSE,FALSE,TRUE
39,Nein,Ja,Ja,Ja,Ja,Ja,Ja,Ja,Ja,Nein,Ja,Nein,,Ja,Nein,Nein,Ja,TRUE,TRUE,TRUE
42,Ja,Nein,Nein,Nein,Nein,Nein,Nein,Ja,Nein,Nein,Nein,Nein,,Ja,Nein,Nein,Ja,TRUE,TRUE,TRUE
59,Ja,Nein,Nein,Ja,Ja,Nein,Nein,Nein,Nein,Nein,Nein,Nein,,Nein,Nein,Nein,Ja,FALSE,TRUE,TRUE
60,Nein,Nein,Ja,Ja,Nein,Nein,Nein,Nein,Ja,Nein,Ja,Ja,,Nein,Nein,Nein,Nein,FALSE,FALSE,TRUE
63,Ja,Ja,Ja,Ja,Nein,Nein,Nein,Nein,Nein,Nein,Nein,Nein,,Nein,Nein,Nein,Nein,FALSE,TRUE,TRUE
64,Ja,Nein,Ja,Ja,Ja,Ja,Ja,Ja,Nein,Nein,Ja,Ja,,Ja,Nein,Ja,Ja,TRUE,TRUE,TRUE
69,Nein,Nein,Ja,Ja,Ja,Ja,Ja,Ja,Nein,Nein,Nein,Nein,,Nein,Nein,Nein,Nein,FALSE,FALSE,TRUE
74,Nein,Nein,Nein,Ja,Nein,Nein,Nein,Nein,Nein,Nein,Ja,Ja,,Nein,Nein,Nein,Nein,FALSE,FALSE,TRUE
76,Ja,Ja,Ja,Ja,Ja,Ja,Ja,Ja,Nein,Nein,Ja,Nein,,Nein,Nein,Nein,Ja,FALSE,TRUE,TRUE
77,Nein,Ja,Nein,Nein,Nein,Nein,Nein,Nein,Nein,Nein,Nein,Nein,,Nein,Nein,Nein,Nein,FALSE,TRUE,FALSE
106,Nein,Nein,Nein,Ja,Nein,Nein,Nein,Ja,Nein,Nein,Ja,Ja,,Nein,Nein,Nein,Ja,FALSE,FALSE,TRUE
112,Ja,Ja,Ja,Ja,Ja,Ja,Ja,Ja,Nein,Nein,Ja,Ja,,Nein,Nein,Nein,Nein,FALSE,TRUE,TRUE
115,Ja,Nein,Ja,Ja,Ja,Nein,Nein,Ja,Nein,Nein,Nein,Nein,,Ja,Ja,Nein,Ja,TRUE,TRUE,TRUE
118,Ja,Ja,Ja,Ja,Nein,Ja,Ja,Nein,Nein,Nein,Ja,Ja,,Ja,Nein,Nein,Nein,TRUE,TRUE,TRUE
124,Ja,Nein,Nein,Nein,Nein,Nein,Nein,Ja,Nein,Nein,Nein,Nein,,Nein,Nein,Nein,Ja,FALSE,TRUE,TRUE
126,Ja,Ja,Nein,Ja,Ja,Ja,Nein,Ja,Nein,Nein,Nein,Nein,,Nein,Nein,Nein,Nein,FALSE,TRUE,TRUE
128,Ja,Ja,Ja,Ja,Ja,Nein,Nein,Ja,Nein,Nein,Ja,Nein,,Ja,Ja,Nein,Nein,TRUE,TRUE,TRUE
141,Ja,Nein,Nein,Ja,Ja,Nein,Nein,Nein,Nein,Nein,Nein,Nein,,Ja,Nein,Ja,Ja,TRUE,TRUE,TRUE
149,Ja,Nein,Nein,Nein,Nein,Nein,Nein,Nein,Nein,Nein,Nein,Nein,,Nein,Nein,Nein,Nein,FALSE,TRUE,FALSE
159,Ja,Nein,Ja,Ja,Ja,Ja,Nein,Nein,Nein,Nein,Nein,Nein,,Nein,Nein,Nein,Nein,FALSE,TRUE,TRUE
162,Nein,Nein,Ja,Ja,Ja,Ja,Ja,Nein,Ja,Nein,Nein,Ja,,Nein,Nein,Nein,Nein,FALSE,FALSE,TRUE
164,Ja,Nein,Ja,Nein,Nein,Nein,Nein,Ja,Nein,Nein,Nein,Nein,,Nein,Nein,Ja,Nein,FALSE,TRUE,TRUE
168,Ja,Ja,Nein,Nein,Nein,Nein,Nein,Nein,Nein,Nein,Ja,Nein,,Nein,Nein,Nein,Ja,FALSE,TRUE,FALSE
180,Nein,Nein,Ja,Ja,Ja,Ja,Ja,Nein,Nein,Nein,Nein,Ja,,Ja,Nein,Nein,Ja,TRUE,FALSE,TRUE
181,Nein,Nein,Ja,Nein,Nein,Nein,Nein,Nein,Nein,Nein,Nein,Ja,,Nein,Nein,Nein,Nein,FALSE,FALSE,TRUE
191,Nein,Nein,Ja,Ja,Ja,Ja,Ja,Nein,Nein,Nein,Nein,Nein,,Nein,Nein,Nein,Ja,FALSE,FALSE,TRUE
216,Nein,Nein,Ja,Ja,Ja,Nein,Ja,Nein,Ja,Nein,Ja,Nein,,Nein,Nein,Nein,Nein,FALSE,FALSE,TRUE
